Close AAPL,Volume AAPL,Return_5d ,Target ,Momentum_5d ,Volume_Ratio ,Volatity ,MA50 
24.261045455932617,212818400,0.024513012219162578,1,,,,
23.577571868896484,257142000,0.028235630838418624,1,,,,
23.579795837402344,263188400,0.03726690590429005,1,,,,
23.910436630249023,160423600,0.01902559477917709,1,,,,
24.829124450683594,237458000,-0.045312074134641556,0,,,,
